Group Link,Group Name,
https://www.facebook.com/groups/2587661704658290/,Indianapolis Off-Market Real Estate,x
https://www.facebook.com/groups/1550289731876897/,Indiana Investors Group,x
https://www.facebook.com/groups/indianapolisrealestatedeals/,Indianapolis Real Estate Deals,x
https://www.facebook.com/groups/2337035953227565/,Real Estate investing So. Indiana,x
https://www.facebook.com/groups/IndianapolisInvestmentProperties/,The Indianapolis Investment Property Group,x
https://www.facebook.com/groups/realestategrouponline/,Real Estate Investors Group,x
https://www.facebook.com/groups/122180541275179/,Fort Wayne Real Estate Investors,x
https://www.facebook.com/groups/club500.us/,"Real Estate Investing, Flipping and Wholesaling Group",x
https://www.facebook.com/groups/289807992071085/,Chicago Real Estate Investors,x
https://www.facebook.com/groups/62861620549/,THE Real Estate Investor Network,x
https://www.facebook.com/groups/cincinnatirei/,Greater Cincinnati Real Estate Investors,x
https://www.facebook.com/groups/realestateinvestingtipsforbeginners/,Real Estate Investing Tips For Beginners,x
https://www.facebook.com/groups/indianaoffmarketproperties/,Indiana Off-Market Properties,x
https://www.facebook.com/groups/socialrealestateinvestors/,Real Estate Investors,x
https://www.facebook.com/groups/chicagoreinetwork/,Chicago Real Estate Investment Network,x
https://www.facebook.com/groups/REIOhio/,Ohio Real Estate Investment Network,x
https://www.facebook.com/groups/2226094215/,Chicago Real Estate Investors,x
https://www.facebook.com/groups/1146886135664460/,Real Estate Investors Worldwide,x
https://www.facebook.com/groups/1918753961692019/,Illinois Real Estate Investors,x
https://www.facebook.com/groups/subject2/,Subject To & Creative Finance Real Estate and Investing,x
https://www.facebook.com/groups/cincinnati.ohio.real.estate.investing/,Real Estate Investors Cincinnati Ohio | RealEstateInvesting.com,x
https://www.facebook.com/groups/560625970765267/,Greater Cincinnati Real Estate Investors,x
https://www.facebook.com/groups/texasrealestateinvestingcommunity/,Texas Real Estate Investing Community,x
https://www.facebook.com/groups/CommercialRealEstateInvesting/,Commercial Real Estate Investing,x
https://www.facebook.com/groups/2032685963612857/,Off Market Real Estate Deals - Flippers & Investors,x
https://www.facebook.com/groups/realestateinvestingclub/,Real Estate Investing Club,x
https://www.facebook.com/groups/826206931072170/,Real Estate Investing,x
https://www.facebook.com/groups/631281814411577/,Tennessee Real Estate Investors & Realtors Network,x
https://www.facebook.com/groups/1632537890612667/,Real Estate Investing #DefyMatrix,x
https://www.facebook.com/groups/572803526877703/,Real Estate Investors,x
https://www.facebook.com/groups/572803526877703/,Real Estate Investing Is For Everyone!,x
https://www.facebook.com/groups/669499385340135/,Multi-Family Properties For Sale | Real Estate Investing,x
https://www.facebook.com/groups/sellerfinancerealestateinvesting/,Creative Finance Real Estate Investing Group,x
https://www.facebook.com/groups/milwaukee.wisconsin.real.estate.investing/,Real Estate Investors Milwaukee Wisconsin | RealEstateInvesting.com,x
https://www.facebook.com/groups/beginnerrealestateinvesting/,Passive Real Estate Investing For Beginners & Hands-Off Investors,x
https://www.facebook.com/groups/1599218463663477/,St. Louis Real Estate Investing.,x
https://www.facebook.com/groups/877895048955117/,Chicago Real Estate Investors,x
https://www.facebook.com/groups/littlerock.arkansas.real.estate.investing/,Real Estate Investors Little Rock Arkansas | RealEstateInvesting.com,x
https://www.facebook.com/groups/sub2empire/,Creative Real Estate Investing Mastery,x
https://www.facebook.com/groups/163209522373024/,Northeast Arkansas Real Estate Investing & Development,x
https://www.facebook.com/groups/detroit.michigan.real.estate.investing/,Real Estate Investors Detroit Michigan | RealEstateInvesting.com,x
https://www.facebook.com/groups/portland.oregon.real.estate.investing/,Real Estate Investors Portland Oregon | RealEstateInvesting.com,x
https://www.facebook.com/groups/280739402766486/,"Alabama Real Estate- Buying, Selling and Investing",x
https://www.facebook.com/groups/65967299951/,"Cleveland OH Real Estate: Investing, Buying, Selling, Lending, Connecting",x
https://www.facebook.com/groups/columbus.georgia.real.estate.investing/,Real Estate Investors Columbus Georgia | RealEstateInvesting.com,x
https://www.facebook.com/groups/twincitiesrealestateinvesting/,Twin Cities Real Estate Investing,x
https://www.facebook.com/groups/realestateinvestorgroupusa/,Real Estate Investor Group USA - Wholesaling -Off Market - FSBO,x
https://www.facebook.com/groups/realestateinvestinginusa/,REAL ESTATE INVESTING IN USA,x
https://www.facebook.com/groups/st.louis.missouri.real.estate.investing/,Real Estate Investors St. Louis Missouri | RealEstateInvesting.com,x
https://www.facebook.com/groups/2339744706249854/,Real Estate Investment Philippines,x
https://www.facebook.com/groups/chicago.illinois.real.estate.investing/,Real Estate Investors Chicago Illinois | RealEstateInvesting.com,x
https://www.facebook.com/groups/778831039400009/,Cleveland Real Estate Investing 2.0,x
https://www.facebook.com/groups/1085661219067431/,Cleveland Real Estate Investing and Rehab,x
https://www.facebook.com/groups/1785125195098814/,San Diego REI - Real Estate Investing,x
https://www.facebook.com/groups/326738981445019/,USA Real Estate Investors,x
https://www.facebook.com/groups/coloradorealestateinvesting/,Colorado Real Estate Investing,x
https://www.facebook.com/groups/1616360315273557/,The Wholesale Real Estate Investing Club,x
https://www.facebook.com/groups/worldwiderealestateinvestinggroup/,World Wide Real Estate Investment Club,x
https://www.facebook.com/groups/dmvrealestateinfo/,"DMV Real Estate: Buying Selling, and Investing in the Washington DC Area",x
https://www.facebook.com/groups/534095191027413/,Real Estate Deals For Investors,x
https://www.facebook.com/groups/san.antonio.texas.real.estate.investing/,Real Estate Investors San Antonio Texas | RealEstateInvesting.com,x
https://www.facebook.com/groups/businessandinvesment/,California Business and Real Estate Investing,x
https://www.facebook.com/groups/macon.georgia.real.estate.investing/,Real Estate Investors Macon Georgia | RealEstateInvesting.com,x
https://www.facebook.com/groups/2596283167277696/,Central California Real Estate Investing Group,x
https://www.facebook.com/groups/sweattle.washington.estate.investing/,Real Estate Investors Seattle Washington | RealEstateInvesting.com,x
https://www.facebook.com/groups/indianapolisoutofstateinvestors/,Indianapolis Out Of State Investors,x
https://www.facebook.com/groups/IndianaMastery/,Indiana Real Estate Investing Group,x
https://www.facebook.com/groups/476948776719253/,Indiana Real Estate Investors,x
https://www.facebook.com/groups/263263347689614/,OR Real Estate Investing,x
https://www.facebook.com/groups/307676824456490/,Illinois Real Estate Investors,x
https://www.facebook.com/groups/2614882565466516/,"Real Estate Investments: Cash Buyers, Wholesalers, Sellers & Investors",x
https://www.facebook.com/groups/496109554476421/,Chicago Real Estate Investors,x
https://www.facebook.com/groups/1491364920973287/,Cincinnati / NKY Real Estate Investors' Group,x
https://www.facebook.com/groups/615758706247335/,"Indiana REI Investors, Wholesalers, Realtors & Contractors",x
https://www.facebook.com/groups/midwestoffmarketrealestatedeals/,"Midwest Real Estate: Off-Market Deals, Investors, Wholesalers & Properties",x
https://www.facebook.com/groups/RealEstateInvestmentsGroup/,Real Estate Investments Group,x
https://www.facebook.com/groups/7444599625655332/,Real Estate Investor Network,x
https://www.facebook.com/groups/columbus.ohio.real.estate.investing/,"Real Estate Investors Columbus Ohio | RealEstateInvesting.com
",x
https://www.facebook.com/groups/allinvestingstrategies/,"Real Estate and Investment Strategies
",x
https://www.facebook.com/groups/kentonknows/,Kenton Knows BRRRR Real Estate Investing & Property Management,x
https://www.facebook.com/groups/CreativeRealEstateInvestingmembers/,Creative Real Estate Investing Mastery,x
https://www.facebook.com/groups/1021406048018201/,DMV Real Estate Investing Group,x
https://www.facebook.com/groups/dayton.ohio.real.estate.investing/,"Real Estate Investors Dayton Ohio | RealEstateInvesting.com
",x
https://www.facebook.com/groups/465777000436201/,"Real Estate Investing For Beginners
",x
https://www.facebook.com/groups/taxstrategiesforrealestateinvesting/,"Tax Strategies for Real Estate Investing
",x
https://www.facebook.com/groups/firedamageprofits/,"Fire Damage Profits | Real Estate Investing
",x
https://www.facebook.com/groups/920131928902058/,"Real Estate Investing FOR REAL Podcast
",x
https://www.facebook.com/groups/philadelphia.pa.real.estate.investing/,"Real Estate Investors Philadelphia PA | RealEstateInvesting.com
",x
https://www.facebook.com/groups/memphis.tennessee.real.estate.investing/,"Real Estate Investors Memphis Tennessee | RealEstateInvesting.com
",x
https://www.facebook.com/groups/1989856867919088/,"San Antonio Real Estate Investing and Deals
",x
https://www.facebook.com/groups/594029406111083/,"Multifamily Real Estate Investing with Rasool
",x
https://www.facebook.com/groups/374092436071498/,"Chicago Real Estate Investors Association
",x
https://www.facebook.com/groups/sacramento.california.real.estate.investing/,"Real Estate Investors Sacramento California | RealEstateInvesting.com
",x
https://www.facebook.com/groups/311012932750696/,"El Paso Real Estate Investing and Deals
",x
https://www.facebook.com/groups/real.estate.investing.newark/,"Real Estate Investors New Jersey | RealEstateInvesting.Com
",x
https://www.facebook.com/groups/augusta.georgia.real.estate.investing/,"Real Estate Investors Augusta Georgia | RealEstateInvesting.com
",x
https://www.facebook.com/groups/jersey.city.nj.real.estate.investing/,Real Estate Investors Jersey City NJ | RealEstateInvesting.com,x
https://www.facebook.com/groups/canadiansinvestinginoffmarketusrealestate/,"Canadians Investing in Off-Market U.S Real Estate
",x
https://www.facebook.com/groups/nocorealestateinvesting/,"NoCo Real Estate Investing
",x
https://www.facebook.com/groups/638297639605916/,"Broken Boards - Investing In San Antonio Real Estate
",x
https://www.facebook.com/groups/4416941675068014/,Sarasota/Bradenton real estate wholesaling and investing,x
https://www.facebook.com/groups/tacoma.washington.real.estate.investing/,"Real Estate Investors Tacoma Washington | RealEstateInvesting.com
",x
https://www.facebook.com/groups/100897160264902/,"Real Estate Investing For Beginners - Deals/ Advice Posted Daily!
",x
https://www.facebook.com/groups/austin.texas.real.estate.investing/,"Real Estate Investors Austin Texas | RealEstateInvesting.com
",x
https://www.facebook.com/groups/jackson.mississippi.real.estate.investing/,"Real Estate Investors Jackson Mississippi | RealEstateInvesting.com
",x
https://www.facebook.com/groups/LakeCharlesRealEstateInvesting/,"Lake Charles Real Estate Investing
",x
https://www.facebook.com/groups/802962995081688/,"Edmonton Real Estate Investing
",x
https://www.facebook.com/groups/neworleans.la.real.estate.investing/,"Real Estate Investors New Orleans LA | RealEstateInvesting.com
",x
https://www.facebook.com/groups/2329733197/,"People interested in Buying, Selling, or Investing in Real Estate!
",x
https://www.facebook.com/groups/tulsa.oklahoma.real.estate.investing/,"Real Estate Investors Tulsa Oklahoma | RealEstateInvesting.com
",x
https://www.facebook.com/groups/389054944502377/,Chicago Real Estate Investments,x
https://www.facebook.com/groups/252193434884027/,Passive Real Estate Investing (Strategies for the new market),x
https://www.facebook.com/groups/indianarealestatedealsbuysellrent/,Indiana Real Estate Deals Buy Sell Rent,x
https://www.facebook.com/groups/390253499987551/,Real Estate Investing Q&A,x
https://www.facebook.com/groups/macon.georgia.real.estate.investing/,Real Estate Investors Macon Georgia | RealEstateInvesting.com,x
https://www.facebook.com/groups/640913276061493/,Northern Indiana cash buyers and investors,x
https://www.facebook.com/groups/indianarealestateforsale/,"Indiana Real Estate For Sale - FSBO, Rent to Own, Off Market
",x
https://www.facebook.com/groups/weareinvestedagents/,Real Estate Investing & Legacy Building,x
https://www.facebook.com/groups/1146329202435914/,Investing in Real Estate,x
https://www.facebook.com/groups/boiserealestateinvestornetwork/,Idaho Real Estate Investing,x
https://www.facebook.com/groups/cleveland.ohio.real.estate.investing/,Real Estate Investors Cleveland Ohio | RealEstateInvesting.com,x
https://www.facebook.com/groups/WAREI/,WA Real Estate Investing,x
https://www.facebook.com/groups/acquirere/,Acquire Real Estate | Real Estate Investing For Newbies,x
https://www.facebook.com/groups/realestateinvestorsworldwide/,Real Estate Investors Worldwide,x
https://www.facebook.com/groups/195845457665852/,THINK MULTIFAMILY - Apartment Real Estate Investing,x
https://www.facebook.com/groups/realestateinvestingnetworkbyremedyrent/,"Real Estate Investing Network, Investors, Realtors and Sellers",x
https://www.facebook.com/groups/pittsburgh.pennsylvania.real.estate.investing/,Real Estate Investors Pittsburgh Pennsylvania | RealEstateInvesting.com,x
https://www.facebook.com/groups/1750643601868652/,Toledo Real Estate Investing Group,x
https://www.facebook.com/groups/MemphisRealEstateInvestors/,Memphis Real Estate Investors,x
https://www.facebook.com/groups/485615964782725/,DFW Real Estate Investing Group,x
https://www.facebook.com/groups/columbia.southcarolina.real.estate.investing/,Real Estate Investors Columbia South Carolina | RealEstateInvesting.com,x
https://www.facebook.com/groups/creativefinanceinvesting/,Creative Real Estate Investing With Brad Smotherman (Investor Creator),x
https://www.facebook.com/groups/jacksonville.fl.real.estate.investing/,Real Estate Investors Jacksonville FL | RealEstateInvesting.com,x
https://www.facebook.com/groups/las.vegas.nevada.real.estate.investing/,"Real Estate Investors Las Vegas Nevada | RealEstateInvesting.com
",x
https://www.facebook.com/groups/papersource/,"Real Estate Note Investing
",x
https://www.facebook.com/groups/83898278398/,"The MultiFamily HUB - Real Estate Investing
",x
https://www.facebook.com/groups/multifamilyrealestateinvesting/,"Multifamily Real Estate Investing - Rod Khleif
",x
https://www.facebook.com/groups/savannah.georgia.real.estate.investing/,"Real Estate Investors Savannah Georgia | RealEstateInvesting.com
",x
https://www.facebook.com/groups/chattanooga.tennessee.real.estate.investing/,"Real Estate Investors Chattanooga Tennessee | RealEstateInvesting.com
",x
https://www.facebook.com/groups/pueblo.colorado.real.estate.investing/,"Real Estate Investors Pueblo Colorado | RealEstateInvesting.com
",x
https://www.facebook.com/groups/riverside.california.real.estate.investing/,"Real Estate Investors Riverside California | RealEstateInvesting.com
",x
https://www.facebook.com/groups/690340764939400/,"Maine Real Estate Investing
",x
https://www.facebook.com/groups/greensboro.nc.real.estate.investing/,"Real Estate Investors Greensboro NC | RealEstateInvesting.com
",x
https://www.facebook.com/groups/McCloudInvesting/,"McCloud Investing and Everything Real Estate
",x
https://www.facebook.com/groups/PlatinumRealEstateMastermind/,"reiAF Real Estate Investing: Wholesale, Flip, Cashflow
",x
https://www.facebook.com/groups/1093249867678550/,"Real Estate Investing, Private Lending, Hard Money
",x
https://www.facebook.com/groups/LandProfitGenerator/,"Land Profit Generator Real Estate Investing
",x
https://www.facebook.com/groups/827120347496263/,"Real Estate: Selling Buying Investing in San Antonio TX & Surrounding Areas
",x
https://www.facebook.com/groups/772212872788991/,"Real Estate Investing Jacksonville Florida
",x
https://www.facebook.com/groups/2003396636569512/,"Real Estate Investing Las Vegas
",x
https://www.facebook.com/groups/thereimastermind/,"The REI Mastermind | Start & Scale Your Real Estate Investing Business
",x
https://www.facebook.com/groups/indianapolisoutofstateinvestors/,"Indianapolis Out Of State Investors
",x
https://www.facebook.com/groups/476948776719253/,Indiana Real Estate Investors,x
https://www.facebook.com/groups/920131928902058/,"Real Estate Investing FOR REAL Podcast
",x
https://www.facebook.com/groups/6251983825/,"Ohio Real Estate Investors Group
",x
https://www.facebook.com/groups/bestreigroup/,"Real Estate Investing Roundtable
",x
https://www.facebook.com/groups/1491364920973287/,Cincinnati / NKY Real Estate Investors' Group,x
https://www.facebook.com/groups/realestateinvestingwholesaling/,"Real Estate Investing & Wholesaling
",x
https://www.facebook.com/groups/DaytonRealEstateInvesting/,"Dayton Real Estate Investing Network
",x
https://www.facebook.com/groups/5712498715440398/,"SETX-409 Real Estate Investing
",x
https://www.facebook.com/groups/akron.ohio.real.estate.investing/,"Real Estate Investors Akron Ohio | RealEstateInvesting.com
",x
https://www.facebook.com/groups/knoxville.tennessee.real.estate.investing/,"Real Estate Investors Knoxville Tennessee | RealEstateInvesting.com
",x
https://www.facebook.com/groups/thescienceofflippingacademy/,"The Science of Flipping - Wholesaling Houses & Real Estate Investing
",x
https://www.facebook.com/groups/allaboutmultifamilyrealestate/,"All About Multifamily Real Estate Investing
",x
https://www.facebook.com/groups/578971155583317/,"US Real Estate Investing, Wholesaling and Buy&Hold
",x
https://www.facebook.com/groups/minneapolis.minnesota.real.estate.investing/,Real Estate Investors Minneapolis Minnesota | RealEstateInvesting.com,x
https://www.facebook.com/groups/flipnerd/,FlipNerd Real Estate Investing with Mike Hambright,x
https://www.facebook.com/groups/realestateonline/,Real Estate Investor Online,x
https://www.facebook.com/groups/lubbock.texas.real.estate.investing/,"Real Estate Investors Lubbock Texas | RealEstateInvesting.com
",x
https://www.facebook.com/groups/los.angeles.california.real.estate.investing/,Real Estate Investors Los Angeles California | RealEstateInvesting.com,x
https://www.facebook.com/groups/163357316728847/,"Rugged Real Estate Investing
",x
https://www.facebook.com/groups/richmond.virginia.real.estate.investing/,"Real Estate Investors Richmond Virginia | RealEstateInvesting.com
",x
https://www.facebook.com/groups/baltimore.maryland.real.estate.investing/,"Real Estate Investors Baltimore Maryland | RealEstateInvesting.com
",x
https://www.facebook.com/groups/birmingham.alabama.real.estate.investing/,"Real Estate Investors Birmingham Alabama | RealEstateInvesting.com
",x
https://www.facebook.com/groups/colorado.springs.co.real.estate.investing/,"Real Estate Investors Colorado Springs CO | RealEstateInvesting.com
",x
https://www.facebook.com/groups/267832867007741/,"New York City Real Estate Investing Club
",x
https://www.facebook.com/groups/new.york.ny.real.estate.investing/,"Real Estate Investors New York, New York | RealEstateInvesting.com
",x
https://www.facebook.com/groups/desmoines.Iowa.real.estate.investing/,"Real Estate Investors Des Moines Iowa | RealEstateInvesting.com
",x
https://www.facebook.com/groups/wholesalealliance/,"Northern California Wholesale Alliance and Real Estate Investing Group
",x
https://www.facebook.com/groups/honolulu.hawaii.real.estate.investing/,"Real Estate Investors Honolulu Hawaii | RealEstateInvesting.com
",x
https://www.facebook.com/groups/realestatenewjersypage/,"New Jersey Real Estate Investing Newark Jersey City Paterson Elizabeth
",x
https://www.facebook.com/groups/dallas.texas.real.estate.investing/,"Real Estate Investors Dallas Texas | RealEstateInvesting.com
",x
https://www.facebook.com/groups/157004739874694/,"Real Estate Wholesaling & Investing
",x
https://www.facebook.com/groups/374372606041388/,"Georgia Real Estate Investors Alliance
",x
https://www.facebook.com/groups/atlanta.ga.real.estate.investing/,"Real Estate Investors Atlanta GA
",x
https://www.facebook.com/groups/325761267491/,"Georgia Real Estate Investors Alliance
",x
https://www.facebook.com/groups/55948078355/,"Georgia Real Estate Investors Alliance
",x
https://www.facebook.com/groups/atlantarealestateinvestors/,Atlanta Real Estate Investors Network,x
https://www.facebook.com/groups/280511175704630/,"Atlanta Real Estate Deals
",x
https://www.facebook.com/groups/192580607461798/,"Atlanta Georgia Real Estate Deals & Mortgage Questions
",x
https://www.facebook.com/groups/984659268589478/,"REAL Atlanta Wholesale Houses and Commercial Real Estate Deals
",x
https://www.facebook.com/groups/1794775650580312/,"Buyers, Sellers, & Investors Real Estate In Atlanta
",x
https://www.facebook.com/groups/458907040970630/,"Metro Atlanta Real Estate for Sale/Rent/ Investment
",x
https://www.facebook.com/groups/atlantarealestateinvestorgroup/,"Atlanta Real Estate Investor Group
",x
https://www.facebook.com/groups/830554727617913/,"Atlanta Real Estate Investors
",x
https://www.facebook.com/groups/atlantarew/,Atlanta Real Estate Wholesale,x
https://www.facebook.com/groups/garealestate/,Georgia's Real Estate investors buy trade sell,x
https://www.facebook.com/groups/atlantageorgiarealestate/,"Atlanta Georgia Real Estate Deals & Mortgage Questions
",x
https://www.facebook.com/groups/1264319680299310/,Atlanta Real Estate Investors News,x
https://www.facebook.com/groups/1005510276684186/,Atlanta Women Investors in Real Estate and Business,x
https://www.facebook.com/groups/353876517547400/,"Georgia Off Market Real Estate
",x
https://www.facebook.com/groups/1087540671921868/,Texas Real Estate Investors,x
https://www.facebook.com/groups/200140070619645/,ATL REAL ESTATE INVESTMENT COLLECTIVE,x
https://www.facebook.com/groups/410132136501614/,"Georgia Wholesale Real Estate Deals - Buy Sell Trade
",x
https://www.facebook.com/groups/1202047753579664/,"Real Estate Investing 101 - Wholesaling, Fix and Flips, & Rental Properties
",x
https://www.facebook.com/groups/1438969856450078/,BLACK REALTORS BLACK REAL ESTATE INVESTORS,x
https://www.facebook.com/groups/445565740711114/,"Jacksonville Florida Real Estate Investing
",x
https://www.facebook.com/groups/atlantareimeetup/,"Atlanta Real Estate Investing Meetup
",x
https://www.facebook.com/groups/1482415008740160/,"Real Estate Investors & Cash Buyers - Georgia, Alabama, South Carolina
",x
https://www.facebook.com/groups/1951547488504422/,Atlanta Real Estate Investors Club,x
https://www.facebook.com/groups/1753950834825405/,Atlanta Real Estate Investors,x
https://www.facebook.com/groups/gainesville.florida.real.estate.investing/,Real Estate Investors Gainesville Florida | RealEstateInvesting.com,x
https://www.facebook.com/groups/georgiaoffmarketproperties/,Georgia Off-Market Properties,x
https://www.facebook.com/groups/2934517959953638/,Georgia Real Estate Investor (REI) Club,x
https://www.facebook.com/groups/955857445340939/,Real Estate Investing Is For Everyone!,x
https://www.facebook.com/groups/socalfixers/,California Real Estate Investors Group,x
https://www.facebook.com/groups/92250025267/,Georgia Real Estate Investor Association (GAREIA),x
https://www.facebook.com/groups/MiamiRealEstateInvestor/,Miami Real Estate Investor,x
https://www.facebook.com/groups/MREIG/,Miami Real Estate Investments,x
https://www.facebook.com/groups/485584781596128/,Miami Real Estate Investments,x
https://www.facebook.com/groups/145208608836348/,Miami Real Estate Investors,x
https://www.facebook.com/groups/1548432032097696/,miami real estate investors,x
https://www.facebook.com/groups/949928215065351/,Miami Wholesale Real Estate Investment Networking,x
https://www.facebook.com/groups/floridarealestateinvestorsbestdealsonline/,Florida Real Estate Investors Group,x
https://www.facebook.com/groups/browardrealestateinvestors/,Florida Real Estate Investors Group,x
https://www.facebook.com/groups/1461845580745985/,Invest In Miami Real Estate,x
https://www.facebook.com/groups/floridainvestor/,Florida Real Estate Investors Forum,x
https://www.facebook.com/groups/FloridaInvestorDeals/,Florida Investor Deals,x
https://www.facebook.com/groups/517612538930190/,Florida Real-Estate Investors Group,x
https://www.facebook.com/groups/203507616357039/,Florida Real Estate Investors,x
https://www.facebook.com/groups/208860992469710/,Central Florida Real Estate Investments,x
https://www.facebook.com/groups/37738143243/,Florida Real Estate Investor Network,x
https://www.facebook.com/groups/798052127462556/,Florida Off-Market Real Estate,x
https://www.facebook.com/groups/mfmflorida/,Florida Multifamily Real Estate Investors Group,x
https://www.facebook.com/groups/1914161822244920/,Florida Real Estate Connections & Investors,x
https://www.facebook.com/groups/117204431658948/,South Florida Real Estate Investors,x
https://www.facebook.com/groups/259219077445328/,Tampa Real Estate Investment,x
https://www.facebook.com/groups/SouthFloridaRealEstateInvestors/,South Florida Real Estate Investors,x
https://www.facebook.com/groups/soflocommercialrealestate/,South Florida Commercial Real Estate & Investments,x
https://www.facebook.com/groups/556901554324542/,South Florida Real Estate Investors,x
https://www.facebook.com/groups/FloridaWholesaleRealEstateDeals/,Florida Wholesale Real Estate Deals,x
https://www.facebook.com/groups/tampa.florida.real.estate.investors.rei/,Real Estate Investors Tampa Florida | RealEstateInvesting.com,x
https://www.facebook.com/groups/111795664408/,Florida Investors Group,x
https://www.facebook.com/groups/reignwf/,Real Estate Investor Group (REIG) of NW Florida,x
https://www.facebook.com/groups/355052061661754/,Southwest Florida Real Estate Investor Network,x
https://www.facebook.com/groups/6611787095563550/,Florida Real Estate Investments,x
https://www.facebook.com/groups/realestateinvestorsconnectedworldwide/,Real Estate Investors Connected Worldwide,x
https://www.facebook.com/groups/1345361228867056/,DFW Real Estate Investor Group,x
https://www.facebook.com/groups/tampabayrealestateinvestor/,Tampa Bay Real Estate Investors,x
https://www.facebook.com/groups/1000967326704113/,Florida Real Estate Investors Buy And Sell. Wholesale Only.,x
https://www.facebook.com/groups/1552626385010631/,South Florida Real Estate Investors,x
https://www.facebook.com/groups/211232392244757/,Florida Wholesale Real Estate Deals,x
https://www.facebook.com/groups/939189196804053/,Florida Real estate Investors/cash buyer,x
https://www.facebook.com/groups/1487321691570016/,Central Florida Real Estate Investments,x
https://www.facebook.com/groups/609449985864284/,Tampa Real Estate Investors,x
https://www.facebook.com/groups/2078220402414192/,ORLANDO REAL ESTATE INVESTORS,x
https://www.facebook.com/groups/tampafloridarealestateinvestors/,Tampa Florida Real Estate Cash Investors,x
https://www.facebook.com/groups/956394037754399/,Greater Orlando Real Estate Investors,x
https://www.facebook.com/groups/192409764103409/,USA Real Estate Investment,x
https://www.facebook.com/groups/1557948841100290/,Real Estate Investors Orlando,x
https://www.facebook.com/groups/1622338611371051/,Real Estate Investments in California,x
https://www.facebook.com/groups/miami.florida.real.estate.investing//,Real Estate Investors Miami Florida | RealEstateInvesting.com,x
https://www.facebook.com/groups/7183670468315847/,Florida Off Market Real Estate,x
https://www.facebook.com/groups/216591137153895/,"California Real Estate market buy, sell, invest",x
https://www.facebook.com/groups/edsflrealestateinvestors/,Florida Real Estate Investors,x
https://www.facebook.com/groups/floridaoffmarketrealestatdeal/,Florida Off-Market Real Estate Deals,x
https://www.facebook.com/groups/1525126747802496/,South Florida Real Estate Investors,x
https://www.facebook.com/groups/479458502404807/,Foreign Investor South Florida Real Estate,x
https://www.facebook.com/groups/swflrei/,Southwest Florida Real Estate Investors,x
https://www.facebook.com/groups/smartrei/,South Florida's SMART Real Estate Investors & Wholesalers,x
https://www.facebook.com/groups/orlandofloridarealestateinvesting/,Real Estate Investors Orlando FL | RealEstateInvesting.com,x
https://www.facebook.com/groups/floridaoffmarketproperties/,Florida Off Market Properties,x
https://www.facebook.com/groups/FloridaHomeInvestor/,Facebook Investors In Florida Real Estate,x
https://www.facebook.com/groups/centralflreleague/,Central Florida Real Estate Investors League,x
https://www.facebook.com/groups/realestateinvestormiami/,Real Estate Investors,x
https://www.facebook.com/groups/713032367083751/,Florida Real Estate Investors,x
https://www.facebook.com/groups/investswflorida/,Investment Real Estate in SW Florida,x
https://www.facebook.com/groups/31462695917/,Central Florida Active Real Estate Investors,x
https://www.facebook.com/groups/miamifixnflips/,Florida Fix N Flip Deals,x
https://www.facebook.com/groups/LuxuryRealEstateandWorldwideInvestments/,Luxury properties and Investments in Florida,x
https://www.facebook.com/groups/easternfloridaoffmarketrealestate/,Eastern Florida Off Market Real Estate,x
https://www.facebook.com/groups/235374777467976/,"Palm Beach County, South Florida Real Estate Deals",x
https://www.facebook.com/groups/southfloridaoffmarkethomes/,South Florida Off Market Deals,x
https://www.facebook.com/groups/329102946234777/,** Florida Wholesale Real Estate üá∫üá∏,x
https://www.facebook.com/groups/685272151516992/,Real Estate Wholesaling in South Florida,x
https://www.facebook.com/groups/floffmarket/,Florida Off Market Deals,x
https://www.facebook.com/groups/jacksonvillerei/,Jacksonville Real Estate Investors Group,x
https://www.facebook.com/groups/528520370529051/,Property Investment,x
https://www.facebook.com/groups/622320024586647/,"Real Estate Investors in Orlando, FL",x
https://www.facebook.com/groups/588238534990622/,Florida Real Estate Investors,x
https://www.facebook.com/groups/863346125147180/,Florida Panhandle Real Estate Investors,x
https://www.facebook.com/groups/tampabayrealestateinvestorsgroup/,Tampa Bay Real Estate Investors,x
https://www.facebook.com/groups/orlandorealestateinvestorgroup/,Orlando Real Estate Investor Group,x
https://www.facebook.com/groups/1811392422410005/,OTown REIA (Real Estate Investor Alliance),x
https://www.facebook.com/groups/1102408609820366/,"Jacksonville, Florida Real Estate Investors",x
https://www.facebook.com/groups/355258221610085/,Real Estate Investing in America,x
https://www.facebook.com/groups/REALESTATEFLORIDA/,Wholesale Real Estate,x
https://www.facebook.com/groups/540857912976164/,Nationwide Commercial and Residential Real Estate Investors group,x
https://www.facebook.com/groups/114498511902135/,California Real Estate Investors Group,x
https://www.facebook.com/groups/3711584295782614/,Florida and Texas Real Estate Investors| Wholesalers| Cash Buyers| Buy Land,x
https://www.facebook.com/groups/asishousesfl/,As-Is-Houses Florida REI Wholesale,x
https://www.facebook.com/groups/341792907239706/,Orlando Wholesale Real Estate,x
https://www.facebook.com/groups/investmentpropertiesforsale/,Investment and Wholesale Properties For Sale USA,x
https://www.facebook.com/groups/820731808339246/,St. Louis Area Buy and Sell Real Estate Investment Properties.,x
https://www.facebook.com/groups/DEALJUNKIE/,St. Louis Real Estate Investors,x
https://www.facebook.com/groups/128711704439830/,St Louis Real Estate Investors And Wholesale Network.,x
https://www.facebook.com/groups/957066938294750/,Off-Market Real Estate Missouri,x
https://www.facebook.com/groups/277401412294472/,St. Louis Real Estate Investors,x
https://www.facebook.com/groups/1671635563114414/,STLREIA St. Louis Real Estate Investors Association,x
https://www.facebook.com/groups/stlouisrealestateinvestorgroup/,St. Louis Real Estate Investor Group,x
https://www.facebook.com/groups/358707721886265/,St. Louis Real Estate Investors Connect: Wholesalers and Cash Buyers,x
https://www.facebook.com/groups/639465974691961/,St. Louis Missouri Real Estate Investing: Rehabs & Development,x
https://www.facebook.com/groups/689487748980314/,MISSOURI & ILLINOIS OFF-MARKET REAL ESTATE,x
https://www.facebook.com/groups/stlmooffmarketdeals/,Saint Louis MO Off Market Deals,x
https://www.facebook.com/groups/st.petersburg.florida.real.estate.investing/,Real Estate Investors St. Petersburg FL | RealEstateInvesting.com,x
https://www.facebook.com/groups/2351968997/,Real Estate Investors of Missouri,x
https://www.facebook.com/groups/LouisianaRealEstateInvesting/,Louisiana Real Estate Investing,x
https://www.facebook.com/groups/215872310975304/,Invest KC - Real Estate Investing Community,x
https://www.facebook.com/groups/LAREIConnection/,Louisiana Real Estate Investor Connection,x
https://www.facebook.com/groups/charlotteinvestingnetwork/,Charlotte Real Estate Investors Network,x
https://www.facebook.com/groups/1612137285724634/,"Charlotte, NC Real Estate Investors",x
https://www.facebook.com/groups/CharlotteRealEstateInvestors/,Charlotte Real Estate Investors Network,x
https://www.facebook.com/groups/CharlotteRealEstateInvestor/,Charlotte Real Estate Investors Network,x
https://www.facebook.com/groups/233585974513982/,Carolina House Flip and Wholesale Real Estate Group,x
https://www.facebook.com/groups/charlotte.nc.real.estate.investing/,Real Estate Investors Charlotte NC | RealEstateInvesting.com,x
https://www.facebook.com/groups/125755340853016/,Charlotte Real Estate Investors Network,x
https://www.facebook.com/groups/northcarolinarei/,North Carolina Real Estate Investors,x
https://www.facebook.com/groups/30306352115/,Charlotte Metro Real Estate Investors,x
https://www.facebook.com/groups/charlotterealestateinvestorgroup/,Charlotte Real Estate Investor Group,x
https://www.facebook.com/groups/481284246081410/,NC Real Estate Investors,x
https://www.facebook.com/groups/1934609826732207/,Charlotte Commercial Real Estate Investors,x
https://www.facebook.com/groups/271737191022/,"Metrolina REIA (Real Estate Investors Association), Charlotte, NC",x
https://www.facebook.com/groups/charlottemetropolitanoffmarketrealestate/,Charlotte Metropolitan Off Market Real Estate,x
https://www.facebook.com/groups/541963150394445/,Charlotte/Triangle/Triad off market real estate,x
https://www.facebook.com/groups/925759885526996/,North Carolina Off Market Real Estate,x
https://www.facebook.com/groups/1558244667717000/,"North Carolina Real Estate Investors-Wholesale, Fix and Flips, JV",x
https://www.facebook.com/groups/954071355240407/,North Carolina Wholesale Real Estate,x
https://www.facebook.com/groups/251215468963302/,Cin/Day Real Estate Investors,x
https://www.facebook.com/groups/cincyrealestateinvesting/,Real Estate Investors and Wholesalers Cincinnati,x
https://www.facebook.com/groups/405299053153722/,Real Estate Investors BUY/SELL --> Cincinnati Ohio,x
https://www.facebook.com/groups/1185152819072240/,Ohio Real Estate Investors,x
https://www.facebook.com/groups/495335551540842/,Ohio Off Market Real Estate Investors,x
https://www.facebook.com/groups/243800258339232/,"Ohio Real Estate Investors, Cash Buyers and Wholesalers and off market inve",x
https://www.facebook.com/groups/ClevelandDealMakers/,Cleveland Deal Makers | Off-Market Real Estate,x
https://www.facebook.com/groups/columbusrealestatenetwork/,"Columbus Real Estate Network üèÜ Off-Market Deals, Networking, & Contractors",x
https://www.facebook.com/groups/518424028676654/,KANSAS CITY REAL ESTATE INVESTMENT GROUP,x
https://www.facebook.com/groups/703293557453914/,Kansas City Real Estate Investors,x
https://www.facebook.com/groups/kansascitybnb/,Kansas City Real Estate Investors,x
https://www.facebook.com/groups/3293085794154064/,"Kansas City, MO Off Market Deals",x
https://www.facebook.com/groups/946233399915116/,Kansas Real Estate Investors,x
https://www.facebook.com/groups/984836748309770/,Kansas City Missouri Real Estate Deals,x
https://www.facebook.com/groups/3449080595120575/,‚ö°Ô∏è Real Estate Investing KC (REI KC),x
https://www.facebook.com/groups/195536179022710/,MidMo Real Estate Investors,x
https://www.facebook.com/groups/connectwisekc/,Connectwise - Kansas City Real Estate Investor Networking,x
https://www.facebook.com/groups/571242973025281/,Kansas Wholesale Houses,x
https://www.facebook.com/groups/subject2realestateinvesting/,"Subject ""To"" Real Estate Investing",x
https://www.facebook.com/groups/144257825621566/,Memphis Real Estate Investors Club,x
https://www.facebook.com/groups/128314491159616/,"Memphis Real Estate Investors Group
",x
https://www.facebook.com/groups/memphismetrooffmarket/,MEMPHIS Metro Off Market Properties,x
https://www.facebook.com/groups/924846220903316/,Memphis REAL ESTATE Wholesale Group,x
https://www.facebook.com/groups/9176951765711338/,"Memphis, TN Real Estate Investors and Wholesalers",x
https://www.facebook.com/groups/829066970504440/,Mississippi Real Estate Investors,x
https://www.facebook.com/groups/211568494137257/,Mississippi Real Estate Investors Group,x
https://www.facebook.com/groups/146512963791905/,"Memphis Wholesalers And Cash Buyers
",x
https://www.facebook.com/groups/memphisoffmarket/,Memphis TN Off Market Deals,x
https://www.facebook.com/groups/realestateinvestingcoaching/,Real Estate Investing Networking & Coaching Group,x
https://www.facebook.com/groups/581093829044583/,North Mississippi Real Estate Investors,x
https://www.facebook.com/groups/1752108928367956/,Real Estate Investing: Wholesale/Retail NYC,x
https://www.facebook.com/groups/boisecity.idaho.real.estate.investing/,"Real Estate Investors Boise City Idaho | RealEstateInvesting.com
",x
https://www.facebook.com/groups/waco.texas.real.estate.investing/,Real Estate Investors Waco Texas | RealEstateInvesting.com,x
https://www.facebook.com/groups/1679610892059582/,"Mississippi Real Estate Investors
",x
https://www.facebook.com/groups/tennesseeofffmarketproperties/,Tennessee Off-Market Properties 2.0,x
https://www.facebook.com/groups/395233037232620/,Real Estate Investing - Los Angeles,x
https://www.facebook.com/groups/shreveport.louisiana.real.estate.investing/,"Real Estate Investors Shreveport Louisiana | RealEstateInvesting.com
",x
https://www.facebook.com/groups/corpus.christi.real.estate.investing/,"Real Estate Investors Corpus Christi Texas | RealEstateInvesting.com
",x
https://www.facebook.com/groups/investingSanAntonio/,"Investing in Real Estate
",x
https://www.facebook.com/groups/partnerdriven/,PARTNER-DRIVEN REAL ESTATE INVESTING,x
https://www.facebook.com/groups/owner.seller.fin/,Owner / Seller Finance Real Estate and Investing,x
https://www.facebook.com/groups/louisville.kentucky.real.estate.investing/,"Real Estate Investors Louisville Kentucky | RealEstateInvesting.com
",x
https://www.facebook.com/groups/melbourne.australia.real.estate.investing/,"Real Estate Investors Melbourne Australia | RealEstateInvesting.com
",x
https://www.facebook.com/groups/lexington.kentucky.real.estate.investing/,"Real Estate Investors Lexington Kentucky | RealEstateInvesting.com
",x
https://www.facebook.com/groups/205703583825/,"Houston, Texas Area Real Estate Investing
",x
https://www.facebook.com/groups/995355037316057/,"Lubbock's #1 Real Estate Investing Network
",x
https://www.facebook.com/groups/kansascity.kansas.real.estate.investing/,"Real Estate Investors Kansas City Kansas | RealEstateInvesting.com
",x
https://www.facebook.com/groups/620608522079015/,"Roanoke Real Estate Investing Forum
",x
https://www.facebook.com/groups/realestatecaliforniapage/,"California Real Estate Investing Los Angeles San Diego San Jose Frenso
",x
https://www.facebook.com/groups/1501332630086831/,"Richmond Va real estate investing group
",x
https://www.facebook.com/groups/springfield.missouri.real.estate.investing/,"Real Estate Investors Springfield Missouri | RealEstateInvesting.com
",x
https://www.facebook.com/groups/18661483544/,"Millionaires Real Estate Investing Group
",x
https://www.facebook.com/groups/273961248990255/,"Tennessee Off Market Real Estate
",x
https://www.facebook.com/groups/nashvillerealestateinvestorgroup/,"Nashville Real Estate Investor Group
",x
https://www.facebook.com/groups/304869669177136/,"Real estate off market deals, Cash buyers, motivated sellers, investors
",x
https://www.facebook.com/groups/reintn/,"REIN - Real Estate Investors of Nashville
",x
https://www.facebook.com/groups/275105319858990/,"Middle TN Investors and Wholesalers Group
",x
https://www.facebook.com/groups/raleighrealestateinvestors/,Raleigh Real Estate Investors,x
https://www.facebook.com/groups/raleigh.nc.real.estate.investing/,"Real Estate Investors Raleigh NC | RealEstateInvesting.com
",x
https://www.facebook.com/groups/raleighrealestateinvestorgroup/,"Raleigh Real Estate Investor Group
",x
https://www.facebook.com/groups/raleighoffmarketdeals/,"Raleigh NC Off Market Real Estate Deals
",x
https://www.facebook.com/groups/realestatenorthcarolinapage/,"North Carolina Real Estate Investing Charlotte Raleigh Greensboro Durham
",x
https://www.facebook.com/groups/wilmingtonrealestate/,"Wilmington NC Real Estate Investors
",x
https://www.facebook.com/groups/644210546023022/,"Eastern NC Real Estate Investors
",x
https://www.facebook.com/groups/777292150348691/,"North Carolina Off Market Real Estate
",x
https://www.facebook.com/groups/durhamnorth.carolina.real.estate.investing/,Real Estate Investors Durham North Carolina | RealEstateInvesting.com,x
https://www.facebook.com/groups/daytoninvestors/,Dayton Real Estate Investors,x
https://www.facebook.com/groups/10684065620/,"Greater Dayton Real Estate Investors Association (GDREIA)
",x
https://www.facebook.com/groups/977583229853696/,"Knoxville's best real estate investor meetup
",x
https://www.facebook.com/groups/8221673597903334/,"Tennessee Real Estate Investors
",x
https://www.facebook.com/groups/nashville.tennessee.real.estate.investing/,"Real Estate Investors Nashville Tennessee | RealEstateInvesting.com
",x
https://www.facebook.com/groups/reidecoded/,"Real Estate Investing Decoded
",x
https://www.facebook.com/groups/washington.dc.real.estate.investing/,"Real Estate Investors Washington DC | RealEstateInvesting.com
",x
https://www.facebook.com/groups/188076248411419/,"Boston Multi-family Real Estate Investing
",x
https://www.facebook.com/groups/batonrouge.la.real.estate.investing/,"Real Estate Investors Baton Rouge LA | RealEstateInvesting.com
",x
https://www.facebook.com/groups/buffalo.newyork.real.estate.investing/,"Real Estate Investors Buffalo New York | RealEstateInvesting.com
",x
https://www.facebook.com/groups/boston.massachusetts.real.estate.investing/,"Real Estate Investors Boston Massachusetts | RealEstateInvesting.com
",x
https://www.facebook.com/groups/denver.colorado.real.estate.investing/,"Real Estate Investors Denver Colorado | RealEstateInvesting.com
",x
https://www.facebook.com/groups/omaha.nebraska.real.estate.investing/,"Real Estate Investors Omaha Nebraska | RealEstateInvesting.com
",x
https://www.facebook.com/groups/huntsville.alabama.real.estate.investing/,"Real Estate Investors Huntsville Alabama | RealEstateInvesting.com
",x
https://www.facebook.com/groups/phoenix.arizona.real.estate.investing/,"Real Estate Investors Phoenix Arizona | RealEstateInvesting.com
",x
https://www.facebook.com/groups/640998466910595/,"Billionaire Creator Academy Sharks- Real Estate Investing Tips
",x
https://www.facebook.com/groups/BatonRougeRealEstateInvesting/,"Baton Rouge Real Estate Investing
",x
https://www.facebook.com/groups/365175670561705/,"Austin Real Estate Investing and Deals
",x
https://www.facebook.com/groups/winstonsalem.nc.real.estate.investing/,"Real Estate Investors Winston-Salem NC | RealEstateInvesting.com
",x
https://www.facebook.com/groups/grandrapids.mi.real.estate.investing/,"Real Estate Investors Grand Rapids MI | RealEstateInvesting.com
",x
https://www.facebook.com/groups/preforeclosureandprobaterealestateinvesting/,"Pre-foreclosure & Probate Real Estate Investing
",x
https://www.facebook.com/groups/toledo.ohio.real.estate.investing/,"Real Estate Investors Toledo Ohio | RealEstateInvesting.com
",x
https://www.facebook.com/groups/246714066519/,San Diego Real Estate Investing,x
https://www.facebook.com/groups/1555730921379718/,"Washington State Real Estate Investors | Trust Deed Investing
",x
https://www.facebook.com/groups/1452119458348288/,"John Burley Real Estate Investing
",x
https://www.facebook.com/groups/29423774278/,"ALFONSO CUADRA ‚ÄúREAL ESTATE INVESTING‚Äù
",x
https://www.facebook.com/groups/san.diego.california.real.estate.investing/,"Real Estate Investors San Diego California | RealEstateInvesting.com
",x
https://www.facebook.com/groups/salt.lake.city.utah.real.estate.investing/,"Real Estate Investors Salt Lake City Utah | RealEstateInvesting.com
",x
https://www.facebook.com/groups/houstontexasrealestateinvesting/,"Real Estate Investors Houston Texas | RealEstateInvesting.com
",x
https://www.facebook.com/groups/bakersfield.california.real.estate.investing/,"Real Estate Investors Bakersfield California | RealEstateInvesting.com
",x
https://www.facebook.com/groups/wichita.kansas.real.estate.investing/,"Real Estate Investors Wichita Kansas | RealEstateInvesting.com
",x
https://www.facebook.com/groups/miami.florida.real.estate.investing/,"Real Estate Investors Miami Florida | RealEstateInvesting.com
",x
https://www.facebook.com/groups/246724851768106/,"Real Estate Investing Secrets For Military Members (Free Community)
",x
https://www.facebook.com/groups/659700224232139/,"Military Real Estate Investing Mastermind
",x
https://www.facebook.com/groups/406497170195877/,"Real Estate Investing for Financial Freedom
",x
https://www.facebook.com/groups/privypro/,"Privy's Real Estate Investing Hacks! #PrivyPros
",x
https://www.facebook.com/groups/141747357898/,"Carol Stinson‚Äôs Real Estate Investing & Wholesaling Tips
",x
https://www.facebook.com/groups/647868509034532/,Real Estate Investing (House Academy),x
https://www.facebook.com/groups/fundinginvesting/,"Funding, Investing, Real Estate, Renewable Energy, Promote, Share, Deals!",x
https://www.facebook.com/groups/fresno.california.real.estate.investing/,"Real Estate Investors Fresno California | RealEstateInvesting.com
",x
https://www.facebook.com/groups/investorriches/,"Investor Riches - Real Estate Investing
",x
https://www.facebook.com/groups/realliferealestateinvesting/,"Real Life Real Estate Investing
",x
https://www.facebook.com/groups/syracuse.newyork.real.estate.investing/,"Real Estate Investors Syracuse New York | RealEstateInvesting.com
",x
https://www.facebook.com/groups/reifree/,"REI FREE REAL ESTATE INVESTING ON Facebook Ÿ©(‚óèÃÆÃÆÃÉ‚Ä¢ÃÉ)€∂
",x
https://www.facebook.com/groups/1770081873302282/,"Tulsa Real Estate Investing Networking Group
",x
https://www.facebook.com/groups/oklahomacity.ok.real.estate.investing/,"Real Estate Investors Oklahoma City OK | RealEstateInvesting.com
",x
https://www.facebook.com/groups/titaniumvault/,"The Vault: Unlocking the Secrets to Wholesaling & Real Estate Investing
",x
https://www.facebook.com/groups/getprivatecapitalforreiquickly/,"Real Ways To Get Private Capital For Real Estate Investing Quickly
",x
https://www.facebook.com/groups/knoxvilleoffmarketrealestatedeals/,"Knoxville Off Market Real Estate Deals
",x
https://www.facebook.com/groups/531108594046622/,"True Investor: Women in Real Estate Investing
",x
https://www.facebook.com/groups/246001110023818/,"Real Estate Investing for Beginners to Advanced
",x
https://www.facebook.com/groups/Investfourmore/,"Invest Four More Real Estate Investing Group
",x
https://www.facebook.com/groups/422973842093365/,"Doctors Mastering Real Estate Investing | Short-Term and Mid-Term Rentals
",x
https://www.facebook.com/groups/realestateinvestinglivewithlathelavada//,"Real Estate Investing Live With Lathe Lavada
",x
https://www.facebook.com/groups/1552554741665461/,"Propstream:Virtual Real Estate Investing Simplified
",x
https://www.facebook.com/groups/hvreia/,"Real Estate Investing Hudson Valley
",x
https://www.facebook.com/groups/1686512278182762/,"Florida Virtual Real Estate investing
",x
https://www.facebook.com/groups/secretsofrealestateinvesting/,"REI Secrets: Guiding High-Earners to Profitable Real Estate Investing
",x
https://www.facebook.com/groups/1967365236835204/,"Corpus Christi Real Estate Investing and Deals
",x
https://www.facebook.com/groups/realestateinvestingwithtarek/,Real Estate Investing with Tarek!,x
https://www.facebook.com/groups/spokane.washington.real.estate.investing/,"Real Estate Investors Spokane Washington | RealEstateInvesting.com
",x
https://www.facebook.com/groups/spokanecdarei/,"Spokane / CDA Real Estate Investing, Contractors, and Private Money Lenders
",x
https://www.facebook.com/groups/fortwaynereia/,"Fort Wayne REIA (Real Estate Investors Association)
",x
https://www.facebook.com/groups/stpetersburgrealestateinvestorgroup/,"St. Petersburg Real Estate Investor Group
",x
https://www.facebook.com/groups/birminghaminvestors/,"Birmingham Real Estate Investors Network
",x
https://www.facebook.com/groups/859252084237086/,"Birmingham Alabama Real Estate Investors
",x
https://www.facebook.com/groups/bamarealestateinvestors/,"Mobile, Montgomery, Huntsville, Birmingham Real Estate Investors & Realtors
",x
https://www.facebook.com/groups/birminghamalabamarealestate/,"Birmingham AL Off Market/Wholesale Real Estate
",x
https://www.facebook.com/groups/realestateautomation/,"80/20 Real Estate Investing
",x
https://www.facebook.com/groups/SarasotaREIA/,"Sarasota Real Estate Investors Association (Sarasota REIA)
",x
https://www.facebook.com/groups/fortmyersreigroup/,"Fort Myers Real Estate Investors
",x
https://www.facebook.com/groups/ocalamarioninvestors/,"Ocala and Marion County Real Estate Investors
",x
https://www.facebook.com/groups/62423961136/,"Toledo Real Estate Investors
",x
https://www.facebook.com/groups/630783891338311/,"Pensacola REI - Real Estate Investors
",x
https://www.facebook.com/groups/826860657864424/,"ACTUAL Savannah Real Estate Investors
",x
https://www.facebook.com/groups/savannahreigroup/,"Savannah Real Estate Investors
",x
https://www.facebook.com/groups/241970827859423/,"CLARKSVILLE REAL ESTATE DEALS
",x
https://www.facebook.com/groups/309974101036206/,"Akron/Canton Area Real Estate Investors
",x
https://www.facebook.com/groups/570392643917625/,"akron canton real estate investors association
",x